"y04_subjective_chosen","exploit","explore","none"
0,3.75940030852807e-28,8.16010525879208e-26,1
0.2,0.0221351558774725,0.977864844122527,5.06647366954759e-19
0.4,0.100088564897192,0.899911435102808,1.9712851284927e-62
0.6,0.353365688233763,0.646634311766237,5.98868042882602e-106
0.8,0.728630618228377,0.271369381771623,1.06256610082789e-149
1,0.929540311800505,0.0704596881994945,1.16642963808136e-193
