"Fold","Exploit_Error","Explore_Error","None_Error","Mean_Error","Accuracy"
1,0.0593135753180096,0.0194816652099902,0.0398319101080194,0.0395423835453397,0.96045761645466
2,0.0311331259659732,0.0551905471864689,0.0240574212204956,0.0367936981243126,0.963206301875687
3,0.0278581902247456,0.0192048842888247,0.0470630745135703,0.0313753830090469,0.968624616990953
4,0.0751324852392139,0.00828260430284411,0.083415089542058,0.0556100596947053,0.944389940305295
5,0.054043008518792,0.0449201761982806,0.00912283232051131,0.0360286723458613,0.963971327654139
