"Metric","Value"
"Test_Accuracy",0.715767634854772
"Baseline_Accuracy",0.701244813278008
"Improvement",0.0145228215767635
