"y06_expected_explore","exploit","explore","none"
0,0.379390431501836,0.620609568498164,7.28523552662187e-86
0.2,0.311129526704518,0.688870473295481,2.72745755837593e-85
0.4,0.250198937671075,0.749801062328925,1.00129439257021e-84
0.6,0.197774985591914,0.802225014408086,3.61332673074011e-84
0.8,0.154078180386094,0.845921819613906,1.28509893292035e-83
1,0.118608430167827,0.881391569832173,4.51617257999637e-83
