"y05_subjective_exploit","exploit","explore","none"
0,0.252509682207817,0.747490317792183,6.2842074106099e-97
0.2,0.229476994377993,0.770523005622007,7.9986554043212e-92
0.4,0.20796073142801,0.79203926857199,1.01523020222127e-86
0.6,0.187969730901894,0.812030269098106,1.28521702957954e-81
0.8,0.169489211450402,0.830510788549598,1.6230652134843e-76
1,0.152484443340124,0.847515556659876,2.04514831251634e-71
