"Outcome","Observed_Percent","Predicted_Percent","Difference"
"none",36.875,36.8756021617046,0.000602161704598814
"explore",28.9583333333333,29.9946109181367,1.03627758480334
"exploit",34.1666666666667,33.1297869201588,1.03687974650791
