"Model","AIC","Delta_AIC","Best"
"All Main Effects",789.847621414487,1.06050313325466,FALSE
"With Groups",788.787118281233,0,TRUE
"With Individuals",791.31912459532,2.53200631408708,FALSE
