"","EBI","FRAN","DALI"
"EBI",47.6190476190476,17.910447761194,24.4755244755245
"FRAN",43.2835820895522,78.125,40.7079646017699
"DALI",34.4827586206897,29.8245614035088,42.4242424242424
