"monkey","hierarchy","exploit","explore","none"
"EBI","Subordinate",0.527414802714159,0.472585197285841,1.91207857133541e-83
"DALI","Intermediate",0.342703300656663,0.657296699343338,2.24737899301128e-76
"FRAN","Dominant",0.203035991021759,0.796964008978241,3.95938935171762e-85
"ANEMONE","Subordinate",0.24743306607799,0.75256693392201,2.45435600064424e-56
"ICE","Intermediate",0.264403997099095,0.735596002900905,1.74404136510784e-77
"CHOCOLAT","Dominant",0.186990035573418,0.813009964426582,9.32173821706125e-68
