"monkey","context","exploit","explore","none"
"DALI","Dominant (vs Ebi/Anemone)",0.474081956527033,0.525918043472967,1.36323749074794e-85
"DALI","Intermediate (trio)",0.489622598225776,0.510377401774224,5.2312902054064e-79
"DALI","Subordinate (vs Fran/Chocolat)",0.441494997920047,0.558505002079953,9.78062588180274e-82
"ICE","Dominant (vs Ebi/Anemone)",0.383268597453654,0.616731402546346,1.10854178377128e-86
"ICE","Intermediate (trio)",0.398085656596881,0.601914343403119,4.27813636966267e-80
"ICE","Subordinate (vs Fran/Chocolat)",0.352737160335814,0.647262839664186,7.86000476253536e-83
