"Model","AIC","Delta_AIC","Weight"
"Null",3523.63185132768,343.536118889352,2.52342485190289e-75
"Social Only",3435.51755909396,255.42182665563,3.43372746982582e-56
"Social+Sex",3274.9426124257,94.8468799873717,2.53613552689821e-21
"Social+Sex+Rank",3197.07582305198,16.9800906136456,0.000205461725977515
"Full Model",3180.09573243833,0,0.999794538274023
