"y03_rank","exploit","explore","none"
1,0.208400588875761,0.791599411124239,4.33783902717187e-86
1.5,0.203035991021759,0.796964008978241,3.95938935171762e-85
2,0.197774985591914,0.802225014408086,3.61332673074011e-84
2.5,0.192617354295952,0.807382645704048,3.29694708465891e-83
3,0.187562778115724,0.812437221884276,3.00776507045408e-82
