"Metric","Null","Fixed","Hierarchical"
"AIC",3242.67101034209,3031.69440893866,2813.987217921
"BIC",3253.26248048759,3084.65175966615,2909.31044923048
"Log-Likelihood",-1619.33550517105,-1505.84720446933,-1388.9936089605
"Parameters",2,8,18
