"Sex","Explore","Exploit","None"
"Female",26.1702127659574,27.7659574468085,46.063829787234
"Male",37.2727272727273,44.6969696969697,18.030303030303
