"Effect","Chi_Square","p_value","Effect_Size_w","Significant"
"Social_Complexity",92.2152650876993,4.45451977586642e-19,0.23977242052767,TRUE
"Sex_Difference",134.329801000784,6.77102371835096e-30,0.289390322451648,TRUE
"Hierarchy",67.3172160673073,8.35724971194483e-14,0.204861756299417,TRUE
