"condition","exploit","explore","none"
"solo",0.0974855117174654,0.902514488282535,1.09949224054575e-61
"duo",0.153058862656201,0.846941137343799,7.09171593263059e-70
"trio",0.170386129716022,0.829613870283978,3.34191168713046e-65
