"monkey","exploit","explore","none"
"ANEMONE",0.122345440829321,0.877654559170679,7.0188267404142e-33
"CHOCOLAT",0.0888512332450851,0.911148766754915,2.56176218297955e-44
"DALI",0.18103882485785,0.81896117514215,6.86636148736934e-53
"EBI",0.32119501497421,0.67880498502579,6.7347135400668e-60
"FRAN",0.0974855117174654,0.902514488282535,1.09949224054575e-61
"ICE",0.132244495846996,0.867755504153004,5.04502453024714e-54
