"rank","exploit","explore","none"
"Dominant",0.157930509345746,0.842069490654254,5.83928542547923e-71
"Intermediate",0.149392558117999,0.850607441882001,4.84823893015553e-69
"Subordinate",0.141238761904595,0.858761238095405,4.02318807075147e-67
