"Partner","Explore","Exploit","None"
"No Partner",42.6426426426426,37.8378378378378,19.5195195195195
"Partnered",27.6243093922652,33.9384372533544,38.4372533543804
